First_Name,Last_Name,Sex,Staff_ID,Address,Email,Phone_Number
Ofilia,Durtnel,Female,5654518887,7 Hoffman Junction,odurtnel0@alexa.com,369-294-0960
Ilysa,Kyngdon,Female,6875506173,57 Atwood Point,ikyngdon1@1und1.de,187-762-4077
Cly,McTrustie,Male,8025801292,622 Crowley Road,cmctrustie2@elegantthemes.com,441-345-9297
Dene,Walby,Male,6752790515,722 Dovetail Way,dwalby3@mtv.com,866-562-8378
Goldy,Pecey,Female,8782201056,1 Morrow Street,gpecey4@1und1.de,168-977-5000
Darbie,Cheek,Female,507238656,42870 Holy Cross Terrace,dcheek5@sbwire.com,735-730-4688
Alexander,Pledge,Male,5005401822,7 Larry Trail,apledge6@myspace.com,930-973-1194
Alie,Brightey,Female,2719493651,37 Linden Pass,abrightey7@aol.com,161-837-9944
Veronika,Rotherham,Female,6997773435,3657 Menomonie Hill,vrotherham8@nih.gov,450-364-0548
Padraig,Alexsandrov,Male,176382771,9 Tony Parkway,palexsandrov9@netscape.com,454-295-4333
Ellyn,Jewkes,Female,2458543,15264 Becker Plaza,ejewkesa@unc.edu,888-594-8129
Brigid,Dorkins,Female,2991644621,72666 Kings Hill,bdorkinsb@hostgator.com,357-187-2841
Levy,Causer,Male,1856573192,1525 Anthes Avenue,lcauserc@businessweek.com,380-153-8685
Bernadene,Scurlock,Female,9586362493,673 Lakewood Gardens Pass,bscurlockd@instagram.com,182-268-6989
Davey,Doerling,Male,9138986701,424 Westerfield Street,ddoerlinge@51.la,138-391-8229
Chas,Saich,Male,8357240348,93484 Merchant Lane,csaichf@alibaba.com,989-949-1531
Fey,Lapworth,Female,5379658199,1771 Shopko Hill,flapworthg@msn.com,475-574-1186
Dicky,Braganca,Male,8905609864,4163 Waubesa Pass,dbragancah@ucsd.edu,530-949-2470
Jerrilee,Nayer,Female,9055364045,035 Ridgeway Circle,jnayeri@alexa.com,386-828-3627
Henri,Arrigucci,Male,2193414513,18489 Moulton Crossing,harriguccij@yahoo.co.jp,334-644-5720
Katinka,Stainer,Female,4236189801,7 Kedzie Road,kstainerk@jalbum.net,728-929-8788
Walton,Stanier,Male,2007355116,82692 Bobwhite Court,wstanierl@xinhuanet.com,366-270-7183
Salomo,Kamienski,Male,883360144,789 Hollow Ridge Trail,skamienskim@europa.eu,855-920-3520
Otis,Sargent,Male,8501222887,263 Golf View Trail,osargentn@hhs.gov,637-277-0913
Chance,Buckoke,Male,4652302274,9076 Algoma Drive,cbuckokeo@sfgate.com,990-820-1750
Britta,Tidswell,Female,8975108481,4588 Melrose Drive,btidswellp@google.com.hk,449-104-5427
Torie,Desvignes,Female,5073170709,16 Almo Court,tdesvignesq@twitpic.com,258-479-8114
Luca,Capon,Male,5537548933,5 Helena Point,lcaponr@telegraph.co.uk,855-132-2505
Ruperto,Waitland,Male,2959365178,8028 Dennis Terrace,rwaitlands@artisteer.com,914-176-9804
Broderic,MacAllan,Male,1702842886,567 Browning Crossing,bmacallant@imgur.com,698-181-1290
Elmore,Gregon,Male,5232079808,105 Portage Place,egregonu@delicious.com,643-601-3453
Rorke,Schistl,Male,5875231203,100 Judy Center,rschistlv@hp.com,427-986-5926
Dahlia,Genthner,Female,2052617175,0 Comanche Circle,dgenthnerw@symantec.com,163-526-2826
Ignacius,Dudeney,Male,384774822,1 Sutteridge Plaza,idudeneyx@ebay.com,625-718-1968
Walt,Elsmere,Male,9944910708,4134 Harper Parkway,welsmerey@fastcompany.com,792-556-2159
Pammie,Kline,Female,2491355396,70 Moose Circle,pklinez@shareasale.com,821-953-1760
Barthel,Spraggon,Male,4816566023,6873 Hanson Avenue,bspraggon10@wp.com,299-974-4597
Sly,Coda,Male,913456586,6 Clyde Gallagher Place,scoda11@purevolume.com,583-566-5526
Grace,Nanuccioi,Female,6572596257,0287 Rockefeller Pass,gnanuccioi12@pinterest.com,251-817-4110
Stanleigh,Longbottom,Male,4801698514,0 Pawling Crossing,slongbottom13@artisteer.com,202-679-0815
Valentine,Trivett,Female,2197314300,9771 Lillian Avenue,vtrivett14@google.ca,651-650-3228
Analise,Cloutt,Female,6717258454,63701 Sauthoff Hill,acloutt15@fc2.com,322-716-6744
Oren,Kermode,Male,1016576552,134 Buena Vista Terrace,okermode16@timesonline.co.uk,631-447-9303
Nita,Minard,Female,498706265,1873 Hoepker Court,nminard17@answers.com,806-112-0759
Lucien,Hallut,Male,9146509615,8112 Old Shore Lane,lhallut18@dion.ne.jp,874-280-2242
Celinka,Putland,Female,8679581534,28 Declaration Place,cputland19@dailymotion.com,712-329-6540
Evyn,Dawidowitz,Male,7888535674,41002 Bay Way,edawidowitz1a@admin.ch,979-422-0889
Ber,Scargle,Male,4308009294,395 Warrior Trail,bscargle1b@cargocollective.com,662-189-8087
Maurizia,Pedden,Female,2045305406,83 Buell Street,mpedden1c@biglobe.ne.jp,825-561-7507
Carolan,Gare,Female,5215066906,355 Kinsman Place,cgare1d@mtv.com,689-852-0678